open_time,open,high,low,close,volume,close_time,quote_volume,count,taker_buy_volume,taker_buy_quote_volume,ignore
1577102280000,7559.51052632,7559.67421053,7558.49263158,7559.42631579,0,1577102339999,0,57,0,0,0
1577102340000,7559.42105263,7559.49315789,7553.79263158,7554.11894737,0,1577102399999,0,60,0,0,0
1577102400000,7554.10157895,7555.29578947,7552.22315789,7552.94052632,0,1577102459999,0,60,0,0,0
1577102460000,7552.04105263,7554.94578947,7551.79684211,7554.80894737,0,1577102519999,0,60,0,0,0
1577102520000,7555.18210526,7564.28789474,7554.65052632,7564.28789474,0,1577102579999,0,60,0,0,0
1577102580000,7564.78578947,7566.13578947,7557.87959116,7557.91117010,0,1577102639999,0,60,0,0,0
1577102640000,7557.77801221,7566.00715693,7557.77801221,7565.61242008,0,1577102699999,0,60,0,0,0
1577102700000,7565.61663061,7566.82136745,7560.95820956,7560.97399903,0,1577102759999,0,60,0,0,0
1577102760000,7560.82715693,7560.82715693,7556.70292015,7556.76081488,0,1577102819999,0,60,0,0,0
1577102820000,7556.34239383,7557.00818330,7555.24502541,7555.48713067,0,1577102879999,0,60,0,0,0
1577102880000,7555.46239383,7555.46239383,7552.12765699,7552.51555172,0,1577102939999,0,60,0,0,0
1577102940000,7552.51081488,7558.23502541,7552.51081488,7558.23502541,0,1577102999999,0,60,0,0,0
1577103000000,7558.44397278,7559.58502541,7557.02713067,7558.06397278,0,1577103059999,0,60,0,0,0
1577103060000,7557.75923594,7557.93081488,7555.82923594,7556.20292015,0,1577103119999,0,60,0,0,0
1577103120000,7556.03976225,7556.03976225,7554.79607804,7555.37502541,0,1577103179999,0,60,0,0,0
1577103180000,7554.98607804,7554.99134120,7552.27186751,7552.27713067,0,1577103239999,0,60,0,0,0
1577103240000,7551.98186751,7554.13186751,7551.76607804,7554.13186751,0,1577103299999,0,60,0,0,0
1577103300000,7553.98607804,7554.84344646,7553.58713067,7554.16976225,0,1577103359999,0,60,0,0,0
1577103360000,7553.90660436,7554.82239383,7551.92397278,7551.92397278,0,1577103419999,0,60,0,0,0
1577103420000,7551.66713067,7551.66713067,7547.53081488,7548.42555172,0,1577103479999,0,60,0,0,0
1577103480000,7548.11134120,7548.43765699,7546.52555172,7546.92028857,0,1577103539999,0,60,0,0,0
1577103540000,7547.00765699,7547.08502541,7543.64292015,7547.05344646,0,1577103599999,0,60,0,0,0
1577103600000,7547.00765699,7548.28870962,7546.86555172,7547.73607804,0,1577103659999,0,60,0,0,0
1577103660000,7547.74186751,7547.76818330,7544.53526316,7545.35000000,0,1577103719999,0,60,0,0,0
1577103720000,7545.19631579,7545.31315789,7543.32000000,7543.73421053,0,1577103779999,0,60,0,0,0
1577103780000,7543.37473684,7544.36421053,7539.05789474,7539.05789474,0,1577103839999,0,60,0,0,0
1577103840000,7539.33631579,7541.91416754,7536.01736842,7541.01364123,0,1577103899999,0,60,0,0,0
1577103900000,7540.89995702,7544.40574649,7540.30206228,7544.40574649,0,1577103959999,0,60,0,0,0
1577103960000,7544.45837807,7544.82890439,7541.80311491,7543.08153597,0,1577104019999,0,60,0,0,0
1577104020000,7543.16837807,7546.04734450,7543.12627281,7546.04734450,0,1577104079999,0,60,0,0,0
1577104080000,7546.05523923,7549.33681818,7545.02892344,7548.63944976,0,1577104139999,0,60,0,0,0
1577104140000,7549.41629186,7551.70523923,7548.97418660,7551.03155502,0,1577104199999,0,60,0,0,0
1577104200000,7550.99629186,7552.12130328,7549.12366029,7551.44235591,0,1577104259999,0,60,0,0,0
1577104260000,7551.44235591,7551.44235591,7547.28288222,7548.44393486,0,1577104319999,0,60,0,0,0
1577104320000,7548.33025065,7552.84262505,7547.66182959,7552.69525663,0,1577104379999,0,60,0,0,0
1577104380000,7552.70736189,7553.64736189,7552.25946715,7553.05104610,0,1577104439999,0,60,0,0,0
1577104440000,7553.15473031,7554.30037786,7553.15473031,7553.40002565,0,1577104499999,0,60,0,0,0
1577104500000,7553.25949934,7554.10265723,7553.25949934,7553.70686776,0,1577104559999,0,60,0,0,0
1577104560000,7553.75528881,7553.76581513,7548.07423618,7548.07423618,0,1577104619999,0,60,0,0,0
1577104620000,7548.86949934,7551.89426125,7548.85213092,7551.69426125,0,1577104679999,0,60,0,0,0
1577104680000,7551.86794546,7552.27459007,7550.42722165,7550.44827428,0,1577104739999,0,60,0,0,0
1577104740000,7550.41669533,7550.89037954,7543.55880060,7545.03985323,0,1577104799999,0,60,0,0,0
1577104800000,7545.15880060,7551.40616902,7543.95353744,7549.43248481,0,1577104859999,0,60,0,0,0
1577104860000,7548.31932691,7548.52846126,7547.77056652,7547.77056652,0,1577104919999,0,60,0,0,0
1577104920000,7547.77056652,7549.30004020,7547.25688231,7549.30004020,0,1577104979999,0,60,0,0,0
1577104980000,7549.34898757,7551.62793494,7549.34898757,7550.59178703,0,1577105039999,0,60,0,0,0
1577105040000,7550.58915545,7551.59810282,7550.58915545,7551.37547124,0,1577105099999,0,60,0,0,0
1577105100000,7551.42968176,7551.47178703,7549.31599755,7549.53020808,0,1577105159999,0,60,0,0,0
1577105160000,7549.53020808,7550.64810282,7549.50915545,7550.58336597,0,1577105219999,0,60,0,0,0
1577105220000,7550.60231334,7550.62705019,7548.78126071,7548.85494492,0,1577105279999,0,60,0,0,0
1577105280000,7548.69968176,7548.88126071,7547.87652387,7548.66494492,0,1577105339999,0,60,0,0,0
1577105340000,7548.77705019,7549.01336597,7547.36968176,7547.48073440,0,1577105399999,0,60,0,0,0
1577105400000,7547.48073440,7547.72810282,7545.20494492,7545.20494492,0,1577105459999,0,60,0,0,0
1577105460000,7545.10652387,7550.24968176,7544.76441861,7550.23389229,0,1577105519999,0,60,0,0,0
1577105520000,7550.14073440,7557.00588326,7550.11968176,7556.00377800,0,1577105579999,0,60,0,0,0
1577105580000,7557.08483063,7557.86430431,7555.92167273,7557.68009379,0,1577105639999,0,60,0,0,0
1577105640000,7557.86851484,7560.34904116,7555.60588326,7555.60588326,0,1577105699999,0,60,0,0,0
1577105700000,7555.49219905,7558.33588326,7555.13483063,7557.60956747,0,1577105759999,0,60,0,0,0
1577105760000,7557.61640958,7558.27956747,7556.77325168,7556.77325168,0,1577105819999,0,60,0,0,0
1577105820000,7557.06535694,7561.46746221,7556.70956747,7561.46746221,0,1577105879999,0,60,0,0,0
1577105880000,7561.24956747,7565.10805299,7560.88956747,7565.00805299,0,1577105939999,0,60,0,0,0
1577105940000,7565.03489509,7565.25226351,7561.35145639,7562.48303534,0,1577105999999,0,60,0,0,0
1577106000000,7562.31671955,7562.31671955,7558.71619324,7558.71619324,0,1577106059999,0,60,0,0,0
1577106060000,7558.73829850,7558.73829850,7556.22134632,7557.95608316,0,1577106119999,0,60,0,0,0
1577106120000,7558.23608316,7559.10608316,7557.81503053,7558.93608316,0,1577106179999,0,60,0,0,0
1577106180000,7559.40082000,7563.20082007,7558.82187263,7559.87029376,0,1577106239999,0,60,0,0,0
1577106240000,7559.77503060,7563.07082007,7559.33608323,7561.87608323,0,1577106299999,0,60,0,0,0
1577106300000,7561.72608323,7563.39187271,7560.91555692,7563.24976744,0,1577106359999,0,60,0,0,0
1577106360000,7563.39187271,7567.53660955,7563.36555692,7567.53660955,0,1577106419999,0,60,0,0,0
1577106420000,7567.14292534,7574.91198271,7567.05292534,7574.91198271,0,1577106479999,0,60,0,0,0
1577106480000,7575.70461429,7581.92198271,7575.37829850,7578.96191028,0,1577106539999,0,60,0,0,0
1577106540000,7578.84243660,7585.22454186,7578.34191028,7584.54612081,0,1577106599999,0,60,0,0,0
1577106600000,7584.49191028,7587.74421053,7580.61631579,7581.24842105,0,1577106659999,0,60,0,0,0
1577106660000,7581.24684211,7584.77631579,7581.24684211,7584.14894737,0,1577106719999,0,60,0,0,0
1577106720000,7583.27684211,7583.27684211,7578.49263158,7580.16794136,0,1577106779999,0,60,0,0,0
1577106780000,7579.46162557,7580.05109926,7577.51631579,7577.69215188,0,1577106839999,0,60,0,0,0
1577106840000,7577.61530978,7583.68794136,7577.61320452,7583.60684211,0,1577106899999,0,60,0,0,0
1577106900000,7583.67000000,7583.67000000,7580.20000000,7581.17583610,0,1577106959999,0,60,0,0,0
1577106960000,7581.17741505,7581.52478347,7577.02057294,7577.38373083,0,1577107019999,0,60,0,0,0
1577107020000,7577.01373083,7577.01373083,7572.51267820,7572.54425715,0,1577107079999,0,60,0,0,0
1577107080000,7572.54267820,7572.54267820,7570.98846767,7571.89004662,0,1577107139999,0,60,0,0,0
1577107140000,7571.90583609,7575.83425715,7571.90583609,7575.19583609,0,1577107199999,0,60,0,0,0
1577107200000,7575.30478346,7575.69636241,7571.38320451,7573.24583609,0,1577107259999,0,60,0,0,0
1577107260000,7573.22057294,7574.98320451,7573.22057294,7573.57267820,0,1577107319999,0,60,0,0,0
1577107320000,7573.57109925,7573.67109925,7571.81478346,7572.20631579,0,1577107379999,0,60,0,0,0
1577107380000,7572.20473684,7572.75736842,7571.80526316,7572.67684211,0,1577107439999,0,60,0,0,0
1577107440000,7572.72894737,7576.72578947,7572.72368421,7576.72578947,0,1577107499999,0,60,0,0,0
1577107500000,7576.95578947,7577.87963164,7576.70842105,7577.86910532,0,1577107559999,0,60,0,0,0
1577107560000,7578.06331585,7579.54752637,7577.75121058,7579.37384216,0,1577107619999,0,60,0,0,0
1577107620000,7579.15068427,7582.25894737,7579.15068427,7581.26842105,0,1577107679999,0,60,0,0,0
1577107680000,7581.34578947,7584.60894737,7581.23526316,7584.36684210,0,1577107739999,0,60,0,0,0
1577107740000,7584.57368421,7587.66263158,7584.57368421,7587.37842105,0,1577107799999,0,60,0,0,0
1577107800000,7587.08421052,7587.76842105,7581.57421052,7581.77947368,0,1577107859999,0,60,0,0,0
1577107860000,7581.73421052,7582.50210526,7580.52631579,7581.43157895,0,1577107919999,0,60,0,0,0
1577107920000,7581.49315789,7581.58000000,7578.61052631,7578.80000000,0,1577107979999,0,60,0,0,0
1577107980000,7578.84421052,7579.49139082,7577.53586203,7579.19139082,0,1577108039999,0,60,0,0,0
1577108040000,7579.80139082,7582.85139082,7579.80139082,7581.59402240,0,1577108099999,0,60,0,0,0
1577108100000,7581.42244345,7581.42244345,7575.59086450,7576.02770661,0,1577108159999,0,60,0,0,0
1577108160000,7575.92770661,7575.92770661,7572.11823292,7572.11823292,0,1577108219999,0,60,0,0,0
1577108220000,7572.01665398,7574.25507503,7571.86402240,7572.53770661,0,1577108279999,0,60,0,0,0
1577108280000,7572.53928556,7574.48928556,7572.53928556,7574.47875924,0,1577108339999,0,60,0,0,0
1577108340000,7574.09981187,7574.57612766,7571.02560135,7571.02560135,0,1577108399999,0,60,0,0,0
1577108400000,7570.94665398,7572.73823292,7570.85191714,7572.70612766,0,1577108459999,0,60,0,0,0
1577108460000,7572.70612766,7574.80770661,7572.70612766,7574.28033819,0,1577108519999,0,60,0,0,0
1577108520000,7574.28033819,7578.99191714,7574.28033819,7577.42665398,0,1577108579999,0,60,0,0,0
1577108580000,7576.96875924,7581.10086450,7576.83191714,7579.94665398,0,1577108639999,0,60,0,0,0
1577108640000,7579.77665398,7579.85560135,7578.85875924,7579.06244345,0,1577108699999,0,60,0,0,0
1577108700000,7579.48560135,7579.50665398,7578.40086450,7578.41665398,0,1577108759999,0,60,0,0,0
1577108760000,7578.42507503,7582.95323046,7578.41981187,7582.88480940,0,1577108819999,0,60,0,0,0
1577108820000,7582.77428309,7587.21631579,7582.03744098,7586.27789474,0,1577108879999,0,60,0,0,0
1577108880000,7586.15631579,7586.27842105,7583.87736842,7585.49315789,0,1577108939999,0,60,0,0,0
1577108940000,7585.44947368,7588.19473684,7584.96315789,7588.19473684,0,1577108999999,0,60,0,0,0
1577109000000,7588.51631579,7592.15105263,7586.66052632,7586.73842105,0,1577109059999,0,60,0,0,0
1577109060000,7586.37368421,7586.37368421,7581.62263158,7584.58368421,0,1577109119999,0,60,0,0,0
1577109120000,7584.56473684,7584.78052632,7581.83473684,7582.27157895,0,1577109179999,0,60,0,0,0
1577109180000,7581.56473684,7581.97157895,7580.72000000,7581.92947368,0,1577109239999,0,60,0,0,0
1577109240000,7581.84894737,7584.48684211,7581.54210526,7584.48684211,0,1577109299999,0,60,0,0,0
1577109300000,7585.43631579,7587.46684211,7577.60768258,7577.66557732,0,1577109359999,0,60,0,0,0
1577109360000,7577.07768258,7577.96241942,7575.93241942,7576.19084047,0,1577109419999,0,60,0,0,0
1577109420000,7577.17347205,7577.62189311,7574.59866256,7574.59866256,0,1577109479999,0,60,0,0,0
1577109480000,7567.81445203,7567.81445203,7513.98692477,7518.15711830,0,1577109539999,0,60,0,0,0
1577109540000,7518.92396041,7536.65364336,7517.12282791,7517.82007520,0,1577109599999,0,60,0,0,0
1577109600000,7520.21481205,7520.21481205,7486.96368421,7495.34315789,0,1577109659999,0,60,0,0,0
1577109660000,7494.17473684,7505.81315789,7489.66526316,7504.63105263,0,1577109719999,0,60,0,0,0
1577109720000,7504.94105263,7513.53157891,7503.28315789,7513.08157891,0,1577109779999,0,60,0,0,0
1577109780000,7515.09789470,7517.69095360,7509.23297629,7509.23297629,0,1577109839999,0,60,0,0,0
1577109840000,7511.43402892,7517.78455524,7509.86034471,7517.67402892,0,1577109899999,0,60,0,0,0
1577109900000,7518.57244997,7526.36297629,7517.99087103,7524.42560787,0,1577109959999,0,60,0,0,0
1577109960000,7525.29981840,7528.56823945,7524.39455524,7526.55613419,0,1577110019999,0,60,0,0,0
1577110020000,7526.47297629,7526.51348035,7522.83244997,7526.51348035,0,1577110079999,0,60,0,0,0
1577110080000,7526.69979614,7527.40663824,7523.67084878,7523.73453299,0,1577110139999,0,60,0,0,0
1577110140000,7523.50874352,7525.47453299,7523.48242773,7524.39084878,0,1577110199999,0,60,0,0,0
1577110200000,7524.18137510,7524.20769089,7514.87716457,7515.86335362,0,1577110259999,0,60,0,0,0
1577110260000,7515.81545888,7515.81545888,7508.39440626,7511.05386157,0,1577110319999,0,60,0,0,0
1577110320000,7510.89280894,7522.41124728,7510.63386157,7520.27440518,0,1577110379999,0,60,0,0,0
1577110380000,7518.99072097,7521.19808939,7517.23493149,7517.23493149,0,1577110439999,0,60,0,0,0
1577110440000,7517.09966834,7518.77598413,7512.37387886,7518.77598413,0,1577110499999,0,60,0,0,0
1577110500000,7519.47072097,7523.83493149,7517.89282623,7522.95598413,0,1577110559999,0,60,0,0,0
1577110560000,7523.13756307,7529.98440518,7523.13756307,7528.36545781,0,1577110619999,0,59,0,0,0
1577110620000,7528.98808939,7528.98808939,7521.37500938,7521.62764096,0,1577110679999,0,60,0,0,0
1577110680000,7521.52553570,7529.41343043,7521.52553570,7525.69395675,0,1577110739999,0,60,0,0,0
1577110740000,7526.18237780,7526.21921991,7519.38655561,7519.38655561,0,1577110799999,0,60,0,0,0
1577110800000,7519.36550297,7523.30181876,7517.78287140,7523.30181876,0,1577110859999,0,60,0,0,0
1577110860000,7523.88550297,7524.86550297,7523.22287140,7523.86414620,0,1577110919999,0,60,0,0,0
1577110920000,7523.34467251,7525.31677778,7523.34467251,7524.17467251,0,1577110979999,0,60,0,0,0
1577110980000,7523.99783041,7527.22309357,7523.38204093,7526.40625146,0,1577111039999,0,60,0,0,0
1577111040000,7526.99151462,7531.94783041,7526.37046199,7531.68467251,0,1577111099999,0,60,0,0,0
1577111100000,7532.01835672,7533.35098830,7526.06414620,7526.75572515,0,1577111159999,0,60,0,0,0
1577111160000,7526.39098830,7529.59964503,7525.86783041,7529.56280292,0,1577111219999,0,60,0,0,0
1577111220000,7529.53438187,7534.28648713,7529.50280292,7532.09385555,0,1577111279999,0,60,0,0,0
1577111280000,7531.90596082,7537.19950618,7531.64280292,7536.92582197,0,1577111339999,0,60,0,0,0
1577111340000,7537.32582197,7539.89055881,7535.97003249,7536.53845355,0,1577111399999,0,60,0,0,0
1577111400000,7536.77792723,7536.98161144,7535.65055881,7535.66634828,0,1577111459999,0,60,0,0,0
1577111460000,7535.66634828,7548.67897986,7535.66634828,7548.67897986,0,1577111519999,0,60,0,0,0
1577111520000,7548.91792723,7549.26424302,7542.05371670,7547.83792723,0,1577111579999,0,60,0,0,0
1577111580000,7547.79950618,7559.08933743,7547.79950618,7559.08933743,0,1577111639999,0,60,0,0,0
1577111640000,7559.59407427,7559.76249532,7551.59565322,7551.89144269,0,1577111699999,0,60,0,0,0
1577111700000,7551.85039006,7557.60031153,7551.38196901,7557.35294311,0,1577111759999,0,60,0,0,0
1577111760000,7557.40399574,7557.40399574,7551.36820627,7552.16873259,0,1577111819999,0,60,0,0,0
1577111820000,7551.31820627,7554.93075102,7549.28031153,7554.90969839,0,1577111879999,0,60,0,0,0
1577111880000,7554.75232997,7555.02548787,7553.19601418,7553.72759313,0,1577111939999,0,60,0,0,0
1577111940000,7553.75601418,7553.75601418,7548.23022471,7550.91884131,0,1577111999999,0,60,0,0,0
1577112000000,7551.09094657,7551.56305183,7546.10726236,7548.72199920,0,1577112059999,0,60,0,0,0
1577112060000,7549.08936762,7549.08936762,7545.40252552,7545.74989394,0,1577112119999,0,60,0,0,0
1577112120000,7546.07884131,7555.17463078,7546.07884131,7551.79515709,0,1577112179999,0,60,0,0,0
1577112180000,7551.79515709,7561.92884131,7551.79515709,7558.19210526,0,1577112239999,0,60,0,0,0
1577112240000,7558.06789474,7563.73368421,7557.53789474,7563.05473684,0,1577112299999,0,60,0,0,0
1577112300000,7563.75631579,7566.11947368,7559.78894737,7562.76105263,0,1577112359999,0,60,0,0,0
1577112360000,7563.33210526,7574.57368421,7563.33210526,7566.81000000,0,1577112419999,0,60,0,0,0
1577112420000,7566.67052631,7569.25842105,7563.33000000,7566.06473684,0,1577112479999,0,60,0,0,0
1577112480000,7566.39315789,7573.72052631,7566.39315789,7570.39473684,0,1577112539999,0,60,0,0,0
1577112540000,7569.31894737,7570.44526316,7565.75851913,7565.81115070,0,1577112599999,0,60,0,0,0
1577112600000,7566.14115070,7579.19957176,7565.75378228,7576.91009807,0,1577112659999,0,60,0,0,0
1577112660000,7573.94272965,7574.70062439,7569.33272965,7572.05641386,0,1577112719999,0,60,0,0,0
1577112720000,7572.08167702,7573.69746649,7570.86368421,7571.69842105,0,1577112779999,0,60,0,0,0
1577112780000,7572.77315789,7572.95684210,7565.54000000,7565.54000000,0,1577112839999,0,60,0,0,0
1577112840000,7565.79421053,7567.87421053,7565.57842105,7567.87421053,0,1577112899999,0,60,0,0,0
1577112900000,7567.51736842,7568.32473684,7565.49789474,7565.50315790,0,1577112959999,0,60,0,0,0
1577112960000,7565.45842105,7565.45842105,7558.87000000,7559.75947369,0,1577113019999,0,60,0,0,0
1577113020000,7559.01526316,7564.78243315,7558.88894737,7564.44559105,0,1577113079999,0,60,0,0,0
1577113080000,7565.18243315,7572.17085421,7565.11927526,7571.85138052,0,1577113139999,0,60,0,0,0
1577113140000,7571.86506473,7576.86295947,7567.75611736,7575.67874894,0,1577113199999,0,60,0,0,0
1577113200000,7574.94401210,7575.20717000,7566.23401210,7566.59190684,0,1577113259999,0,60,0,0,0
1577113260000,7566.27348579,7572.02364643,7565.64664368,7571.43943590,0,1577113319999,0,60,0,0,0
1577113320000,7571.48996222,7571.48996222,7564.92259379,7568.34469906,0,1577113379999,0,60,0,0,0
1577113380000,7568.40469906,7569.47733064,7566.41048853,7569.45101485,0,1577113439999,0,60,0,0,0
1577113440000,7570.44154116,7578.15848545,7570.44154116,7577.36111703,0,1577113499999,0,60,0,0,0
1577113500000,7578.84427493,7581.45508399,7575.02901177,7581.45508399,0,1577113559999,0,60,0,0,0
1577113560000,7581.88403136,7583.02192610,7570.79771557,7570.88192610,0,1577113619999,0,60,0,0,0
1577113620000,7570.99929452,7573.24297873,7570.48403136,7571.44955367,0,1577113679999,0,60,0,0,0
1577113680000,7571.46218524,7577.17165893,7571.46218524,7576.64534314,0,1577113739999,0,60,0,0,0
1577113740000,7576.68955367,7576.68955367,7565.12639577,7565.12639577,0,1577113799999,0,60,0,0,0
1577113800000,7564.04902735,7565.40639577,7562.40955367,7563.54429051,0,1577113859999,0,60,0,0,0
1577113860000,7563.60481682,7566.86323788,7563.60481682,7566.42639577,0,1577113919999,0,60,0,0,0
1577113920000,7566.17060630,7569.77481682,7566.07586945,7568.95323788,0,1577113979999,0,60,0,0,0
1577113980000,7568.35271156,7568.35271156,7563.66902735,7564.32744840,0,1577114039999,0,60,0,0,0
1577114040000,7564.42586945,7566.15955367,7563.56352674,7564.98984253,0,1577114099999,0,60,0,0,0
1577114100000,7565.04773727,7570.15457937,7565.04773727,7569.59878990,0,1577114159999,0,60,0,0,0
1577114160000,7569.64194780,7569.66773727,7561.78036885,7561.79089516,0,1577114219999,0,60,0,0,0
1577114220000,7561.70878990,7567.75803490,7561.49487701,7566.75803490,0,1577114279999,0,60,0,0,0
1577114280000,7566.93014017,7567.80908753,7561.61238956,7561.61238956,0,1577114339999,0,60,0,0,0
1577114340000,7561.39765272,7561.78449482,7554.61052631,7560.95526316,0,1577114399999,0,60,0,0,0
1577114400000,7559.98052631,7560.18052631,7553.77736842,7553.77736842,0,1577114459999,0,60,0,0,0
1577114460000,7553.75210526,7558.66315789,7551.28421052,7555.60789474,0,1577114519999,0,60,0,0,0
1577114520000,7555.89473684,7560.91052631,7553.74105263,7560.60526316,0,1577114579999,0,60,0,0,0
1577114580000,7561.89473684,7564.76052631,7561.59105263,7564.32157895,0,1577114639999,0,60,0,0,0
1577114640000,7564.26473684,7567.83526316,7563.60842105,7567.16157895,0,1577114699999,0,60,0,0,0
1577114700000,7567.23210526,7568.33736842,7564.20578947,7567.58473684,0,1577114759999,0,60,0,0,0
1577114760000,7568.24263158,7573.51157895,7566.91631579,7569.27226100,0,1577114819999,0,60,0,0,0
1577114820000,7569.00383995,7569.31436627,7565.44805048,7565.55857679,0,1577114879999,0,60,0,0,0
1577114880000,7565.55857679,7565.91120837,7563.64015574,7565.87962942,0,1577114939999,0,60,0,0,0
1577114940000,7565.79015574,7565.91857679,7563.13383995,7564.79332618,0,1577114999999,0,60,0,0,0
1577115000000,7564.54437881,7565.09174723,7561.20332618,7561.64543144,0,1577115059999,0,60,0,0,0
1577115060000,7561.80332618,7563.41227355,7561.25753671,7563.02806302,0,1577115119999,0,60,0,0,0
1577115120000,7563.02806302,7570.25806302,7563.02806302,7570.17069460,0,1577115179999,0,60,0,0,0
1577115180000,7570.17227355,7592.29182045,7570.11964197,7592.29182045,0,1577115239999,0,60,0,0,0
1577115240000,7597.74497835,7602.58708361,7586.77058281,7599.47216175,0,1577115299999,0,60,0,0,0
1577115300000,7599.67110912,7600.15531965,7586.01318074,7588.88475969,0,1577115359999,0,60,0,0,0
1577115360000,7588.67633864,7589.23160179,7583.18739127,7583.18739127,0,1577115419999,0,60,0,0,0
1577115420000,7583.60633864,7587.60160179,7583.37528600,7586.94423337,0,1577115479999,0,60,0,0,0
1577115480000,7586.46212811,7590.59528600,7585.19528600,7589.90581232,0,1577115539999,0,60,0,0,0
1577115540000,7589.97633864,7589.97633864,7582.88581232,7586.98739127,0,1577115599999,0,60,0,0,0
1577115600000,7587.26423337,7587.26423337,7581.97581232,7582.37265443,0,1577115659999,0,60,0,0,0
1577115660000,7582.14107548,7586.05002285,7579.02791758,7579.02791758,0,1577115719999,0,60,0,0,0
1577115720000,7578.49949653,7583.70739127,7576.77107548,7579.69633864,0,1577115779999,0,60,0,0,0
1577115780000,7579.29370706,7582.02318074,7578.03739127,7578.03739127,0,1577115839999,0,60,0,0,0
1577115840000,7578.16897021,7583.58370706,7578.01633864,7583.58370706,0,1577115899999,0,60,0,0,0
1577115900000,7584.41423337,7585.79377467,7581.11377467,7584.93166941,0,1577115959999,0,60,0,0,0
1577115960000,7584.37061677,7585.18061677,7578.99114309,7578.99114309,0,1577116019999,0,60,0,0,0
1577116020000,7579.00640625,7579.88219572,7576.94061677,7578.98587993,0,1577116079999,0,60,0,0,0
1577116080000,7579.16851151,7579.16851151,7570.96405553,7570.96405553,0,1577116139999,0,60,0,0,0
1577116140000,7570.81984500,7579.67089763,7570.30247658,7575.20984500,0,1577116199999,0,60,0,0,0
1577116200000,7575.08826605,7579.19963230,7574.33752704,7576.27384283,0,1577116259999,0,60,0,0,0
1577116260000,7575.73700072,7577.75868894,7575.35805336,7576.65609358,0,1577116319999,0,60,0,0,0
1577116320000,7576.65451463,7576.65977779,7568.46609358,7568.91135674,0,1577116379999,0,60,0,0,0
1577116380000,7568.95240937,7571.94872516,7567.55714621,7569.06315789,0,1577116439999,0,60,0,0,0
1577116440000,7569.03894737,7571.83368421,7568.92842105,7571.51736842,0,1577116499999,0,60,0,0,0
1577116500000,7571.34736842,7575.30315789,7571.26315789,7575.00368421,0,1577116559999,0,60,0,0,0
1577116560000,7575.12684211,7578.50736842,7574.77210526,7578.17631579,0,1577116619999,0,60,0,0,0
1577116620000,7578.00631579,7578.09894737,7575.68842105,7578.09894737,0,1577116679999,0,60,0,0,0
1577116680000,7578.26526316,7581.58526316,7577.69157895,7581.58526316,0,1577116739999,0,60,0,0,0
1577116740000,7581.90578947,7590.64510816,7581.43736842,7584.66089763,0,1577116799999,0,60,0,0,0
1577116800000,7585.11405553,7585.35458184,7573.97736842,7573.97736842,0,1577116859999,0,60,0,0,0
1577116860000,7573.86789474,7574.66263158,7571.36281418,7573.10755102,0,1577116919999,0,60,0,0,0
1577116920000,7572.56965629,7579.37807734,7572.52386681,7573.60281418,0,1577116979999,0,60,0,0,0
1577116980000,7573.28228787,7579.16018260,7571.91123523,7579.14965629,0,1577117039999,0,60,0,0,0
1577117040000,7579.34228787,7581.33912997,7575.23176155,7581.11281418,0,1577117099999,0,60,0,0,0
1577117100000,7582.10123523,7584.85965629,7578.26664545,7579.99559281,0,1577117159999,0,60,0,0,0
1577117160000,7580.25454018,7601.62633864,7580.23875071,7601.62633864,0,1577117219999,0,60,0,0,0
1577117220000,7602.17423337,7634.38038684,7595.98633864,7631.46986052,0,1577117279999,0,60,0,0,0
1577117280000,7633.30459736,7633.30459736,7613.37724369,7616.46882263,0,1577117339999,0,60,0,0,0
1577117340000,7618.83092790,7627.41639626,7616.87777000,7627.41639626,0,1577117399999,0,60,0,0,0
1577117400000,7627.28534363,7637.65416596,7620.61165942,7637.65416596,0,1577117459999,0,60,0,0,0
1577117460000,7638.75153438,7673.23904686,7638.75153438,7668.38667080,0,1577117519999,0,60,0,0,0
1577117520000,7672.46088132,7673.43267418,7656.80320050,7669.55372681,0,1577117579999,0,60,0,0,0
1577117580000,7670.51635839,7685.46449919,7670.51635839,7681.96093026,0,1577117639999,0,60,0,0,0
1577117640000,7680.30356184,7688.24093026,7677.06250920,7688.05972324,0,1577117699999,0,60,0,0,0
1577117700000,7687.17340745,7687.17340745,7661.01463028,7661.01463028,0,1577117759999,0,60,0,0,0
1577117760000,7658.65041975,7667.36173036,7656.80594088,7664.93436194,0,1577117819999,0,60,0,0,0
1577117820000,7664.98120404,7666.15488825,7659.72776864,7661.61276864,0,1577117879999,0,60,0,0,0
1577117880000,7661.73958683,7671.35095046,7660.22276864,7671.35095046,0,1577117939999,0,60,0,0,0
1577117940000,7672.14276864,7678.79367774,7622.18776557,7634.10502110,0,1577117999999,0,60,0,0,0
1577118000000,7635.28956656,7635.28956656,7591.46274354,7597.44121377,0,1577118059999,0,60,0,0,0
1577118060000,7598.58712286,7631.42863636,7598.58712286,7624.29739392,0,1577118119999,0,60,0,0,0
1577118120000,7622.59739392,7630.38057574,7619.29421210,7624.68130563,0,1577118179999,0,60,0,0,0
1577118180000,7624.53948745,7624.97585109,7616.97312381,7617.86630563,0,1577118239999,0,60,0,0,0
1577118240000,7617.18630563,7622.33449437,7617.05085800,7619.81903982,0,1577118299999,0,60,0,0,0
1577118300000,7619.46494891,7619.64767618,7606.41040346,7608.18131255,0,1577118359999,0,60,0,0,0
1577118360000,7608.55403982,7610.20722164,7590.13924859,7591.96333950,0,1577118419999,0,60,0,0,0
1577118420000,7592.88243041,7594.27379404,7586.20561223,7587.57833950,0,1577118479999,0,60,0,0,0
1577118480000,7587.49243041,7599.56273676,7583.30864585,7598.91910040,0,1577118539999,0,60,0,0,0
1577118540000,7599.12228221,7611.29546403,7598.74046403,7609.00137312,0,1577118599999,0,60,0,0,0
1577118600000,7607.63182767,7609.62273676,7594.45364585,7596.37182767,0,1577118659999,0,60,0,0,0
1577118660000,7595.36955494,7598.72773676,7590.34351716,7590.34351716,0,1577118719999,0,60,0,0,0
1577118720000,7590.12760807,7596.87760807,7586.19988080,7590.15491325,0,1577118779999,0,60,0,0,0
1577118780000,7590.89718598,7591.75945871,7581.30810221,7581.57128403,0,1577118839999,0,60,0,0,0
1577118840000,7582.25673858,7582.25673858,7545.14929854,7551.50782602,0,1577118899999,0,60,0,0,0
1577118900000,7554.63918966,7563.80045309,7550.16691693,7554.87817942,0,1577118959999,0,60,0,0,0
1577118960000,7553.50227033,7557.73227033,7542.22272488,7544.44999760,0,1577119019999,0,60,0,0,0
1577119020000,7541.61545215,7544.75272488,7521.79454306,7536.70418588,0,1577119079999,0,60,0,0,0
1577119080000,7537.73327679,7548.80691315,7537.57327679,7547.28964043,0,1577119139999,0,60,0,0,0
1577119140000,7546.82191315,7546.82191315,7540.32873134,7542.23100406,0,1577119199999,0,60,0,0,0
1577119200000,7542.86464043,7543.47691315,7531.66009497,7538.62827679,0,1577119259999,0,60,0,0,0
1577119260000,7538.86554952,7540.46373134,7534.84373134,7535.39873134,0,1577119319999,0,60,0,0,0
1577119320000,7536.18418588,7548.61702363,7536.02509497,7548.27656909,0,1577119379999,0,60,0,0,0
1577119380000,7547.79929636,7561.44884181,7547.79929636,7559.74551801,0,1577119439999,0,60,0,0,0
1577119440000,7559.50279074,7564.53415438,7553.22279074,7556.90733619,0,1577119499999,0,60,0,0,0
1577119500000,7557.18233619,7557.18233619,7554.73688165,7556.82142710,0,1577119559999,0,60,0,0,0
1577119560000,7556.88915438,7562.28051801,7556.85733619,7560.79324528,0,1577119619999,0,60,0,0,0
1577119620000,7561.01506347,7562.47266351,7553.23629988,7553.57811806,0,1577119679999,0,60,0,0,0
1577119680000,7553.63857260,7554.41448169,7547.97766351,7548.16857260,0,1577119739999,0,60,0,0,0
1577119740000,7547.67993624,7550.82175442,7540.51716894,7541.56625985,0,1577119799999,0,60,0,0,0
1577119800000,7540.54944167,7544.02398712,7540.19944167,7541.79353258,0,1577119859999,0,60,0,0,0
1577119860000,7541.71171440,7549.96989621,7540.65762349,7548.52898712,0,1577119919999,0,60,0,0,0
1577119920000,7548.44989621,7550.25035076,7547.59353258,7549.80762349,0,1577119979999,0,60,0,0,0
1577119980000,7549.80898712,7550.83035076,7531.33580531,7534.79671440,0,1577120039999,0,60,0,0,0
1577120040000,7534.05125985,7537.94353258,7521.09171440,7529.11205000,0,1577120099999,0,60,0,0,0
1577120100000,7527.91159545,7532.86977727,7522.40432273,7529.74386818,0,1577120159999,0,60,0,0,0
1577120160000,7529.39068636,7535.76886818,7529.39068636,7534.49932273,0,1577120219999,0,60,0,0,0
1577120220000,7536.58886818,7540.07477727,7526.17659545,7529.10614091,0,1577120279999,0,60,0,0,0
1577120280000,7529.30977727,7531.08977727,7522.42341364,7523.82614091,0,1577120339999,0,60,0,0,0
1577120340000,7523.82023182,7530.44999706,7523.79295909,7525.88454252,0,1577120399999,0,60,0,0,0
1577120400000,7524.04636070,7524.63226979,7517.07681524,7522.54199525,0,1577120459999,0,60,0,0,0
1577120460000,7522.36881343,7540.51835889,7521.54699525,7536.80608616,0,1577120519999,0,60,0,0,0
1577120520000,7537.93426798,7547.80988380,7537.02063161,7544.48215652,0,1577120579999,0,60,0,0,0
1577120580000,7544.57306561,7552.45954545,7544.49352016,7547.28136364,0,1577120639999,0,60,0,0,0
1577120640000,7546.80181818,7548.84772727,7545.45681818,7548.63181818,0,1577120699999,0,60,0,0,0
1577120700000,7548.85500000,7554.75693385,7543.87178784,7544.51269693,0,1577120759999,0,60,0,0,0
1577120760000,7544.44996966,7544.44996966,7539.13827236,7543.15736327,0,1577120819999,0,60,0,0,0
1577120820000,7543.31327236,7543.51645418,7538.44054509,7538.81645418,0,1577120879999,0,60,0,0,0
1577120880000,7538.72781782,7538.73872691,7535.10781782,7537.68781782,0,1577120939999,0,60,0,0,0
1577120940000,7538.28418145,7538.50236327,7534.30827235,7536.00736326,0,1577120999999,0,60,0,0,0
1577121000000,7535.82190872,7536.86327235,7535.07918145,7536.62918145,0,1577121059999,0,60,0,0,0
1577121060000,7536.82372690,7536.94190872,7529.26781781,7531.47599963,0,1577121119999,0,60,0,0,0
1577121120000,7530.53918145,7540.13918145,7530.53918145,7540.13918145,0,1577121179999,0,60,0,0,0
1577121180000,7539.81463599,7539.81463599,7534.10826568,7534.28281114,0,1577121239999,0,60,0,0,0
1577121240000,7534.58053841,7538.69553841,7534.12599296,7535.42235659,0,1577121299999,0,60,0,0,0
1577121300000,7535.72417478,7536.83962932,7527.06508387,7527.61508387,0,1577121359999,0,60,0,0,0
1577121360000,7527.66326568,7530.30053841,7526.76599296,7528.64190205,0,1577121419999,0,60,0,0,0
1577121420000,7528.29508387,7528.57417478,7524.48462932,7525.94508387,0,1577121479999,0,60,0,0,0
1577121480000,7525.69826568,7528.36690205,7525.03008387,7525.55508387,0,1577121539999,0,60,0,0,0
1577121540000,7525.45508387,7525.61417478,7517.79644750,7518.86585353,0,1577121599999,0,60,0,0,0
1577121600000,7517.96767172,7518.55812626,7500.87403535,7502.96409073,0,1577121659999,0,60,0,0,0
1577121660000,7500.59136346,7500.92409073,7486.09909091,7494.25272727,0,1577121719999,0,60,0,0,0
1577121720000,7494.05090909,7494.28954546,7483.89909091,7487.49545455,0,1577121779999,0,60,0,0,0
1577121780000,7486.94318182,7487.39772727,7465.25463735,7465.25463735,0,1577121839999,0,60,0,0,0
1577121840000,7464.23554644,7464.23554644,7427.12362634,7429.60193183,0,1577121899999,0,60,0,0,0
1577121900000,7426.48738638,7444.19645979,7426.48738638,7442.99849694,0,1577121959999,0,60,0,0,0
1577121960000,7443.87986057,7455.16045455,7442.07486057,7455.16045455,0,1577122019999,0,60,0,0,0
1577122020000,7454.37681818,7462.13681818,7448.95494999,7450.53042876,0,1577122079999,0,60,0,0,0
1577122080000,7449.55179239,7451.57067273,7443.73679239,7451.57067273,0,1577122139999,0,60,0,0,0
1577122140000,7454.45930909,7456.75340000,7444.67137630,7448.25955812,0,1577122199999,0,60,0,0,0
1577122200000,7449.20183084,7455.90340455,7448.14158636,7453.53658637,0,1577122259999,0,60,0,0,0
1577122260000,7454.05976819,7456.08476819,7444.12476819,7445.66795001,0,1577122319999,0,60,0,0,0
1577122320000,7446.50613182,7450.28067727,7442.47295000,7442.90476818,0,1577122379999,0,60,0,0,0
1577122380000,7441.89204091,7441.93295000,7433.25795000,7438.75567727,0,1577122439999,0,60,0,0,0
1577122440000,7440.31976818,7444.45658636,7440.24249545,7444.45658636,0,1577122499999,0,60,0,0,0
1577122500000,7445.93522273,7451.11340455,7442.53567727,7443.09476818,0,1577122559999,0,60,0,0,0
1577122560000,7443.08249545,7449.40795000,7441.66431364,7448.30136465,0,1577122619999,0,60,0,0,0
1577122620000,7448.05863738,7449.04681920,7447.75909192,7448.64863738,0,1577122679999,0,60,0,0,0
1577122680000,7448.90772829,7448.90772829,7435.31374773,7438.26783863,0,1577122739999,0,60,0,0,0
1577122740000,7437.57238409,7442.88965682,7435.17602045,7435.64738409,0,1577122799999,0,60,0,0,0
1577122800000,7435.07602045,7435.28374772,7423.25056591,7426.95272727,0,1577122859999,0,60,0,0,0
1577122860000,7427.32136364,7430.34409091,7384.95291955,7384.95291955,0,1577122919999,0,60,0,0,0
1577122920000,7386.44337409,7397.47119479,7367.75119479,7379.08603591,0,1577122979999,0,60,0,0,0
1577122980000,7379.96194500,7390.30681818,7372.10272727,7386.93500000,0,1577123039999,0,60,0,0,0
1577123040000,7387.57409091,7393.71144518,7384.53417245,7388.08008154,0,1577123099999,0,60,0,0,0
1577123100000,7388.15099063,7391.76187657,7380.35053609,7388.64324020,0,1577123159999,0,60,0,0,0
1577123160000,7388.59051293,7397.38005839,7387.77869475,7397.38005839,0,1577123219999,0,60,0,0,0
1577123220000,7397.98414929,7406.40374640,7397.92960384,7398.36454545,0,1577123279999,0,60,0,0,0
1577123280000,7396.92181818,7404.49374722,7396.69000000,7404.49374722,0,1577123339999,0,60,0,0,0
1577123340000,7404.10011085,7408.07329267,7397.86238358,7398.06511085,0,1577123399999,0,60,0,0,0
1577123400000,7398.04056540,7400.29647449,7397.57147449,7399.59738358,0,1577123459999,0,60,0,0,0
1577123460000,7399.93556540,7404.65283813,7399.93556540,7402.26374722,0,1577123519999,0,60,0,0,0
1577123520000,7401.71420176,7411.18659055,7401.71420176,7410.16659055,0,1577123579999,0,60,0,0,0
1577123580000,7411.38840873,7412.10326826,7408.24290273,7409.13699364,0,1577123639999,0,60,0,0,0
1577123640000,7408.95608455,7409.69108455,7397.21894317,7397.41894317,0,1577123699999,0,60,0,0,0
1577123700000,7398.90076135,7404.72167044,7398.78167044,7400.55212499,0,1577123759999,0,60,0,0,0
1577123760000,7400.24439771,7405.54848862,7400.24439771,7402.52939771,0,1577123819999,0,60,0,0,0
1577123820000,7402.62485226,7405.76303408,7402.28576135,7403.28030680,0,1577123879999,0,60,0,0,0
1577123880000,7402.95712499,7405.20576135,7401.15439771,7401.62621590,0,1577123939999,0,60,0,0,0
1577123940000,7401.26121590,7402.05530680,7394.41439771,7394.41439771,0,1577123999999,0,60,0,0,0
1577124000000,7394.27894317,7394.78212499,7365.59496273,7373.71129227,0,1577124059999,0,60,0,0,0
1577124060000,7372.47038318,7386.05630524,7366.53583772,7386.05630524,0,1577124119999,0,60,0,0,0
1577124120000,7387.46494160,7412.79510227,7387.46494160,7412.69055682,0,1577124179999,0,60,0,0,0
1577124180000,7409.93146591,7426.47636364,7408.61328409,7425.59454545,0,1577124239999,0,60,0,0,0
1577124240000,7427.21227273,7432.31227273,7423.19318182,7431.29818182,0,1577124299999,0,60,0,0,0
1577124300000,7431.26136364,7431.26136364,7420,7423.96136364,0,1577124359999,0,60,0,0,0
1577124360000,7423.63409091,7423.81048870,7418.25500000,7421.66276143,0,1577124419999,0,60,0,0,0
1577124420000,7421.11776143,7426.93867052,7421.11776143,7422.29264706,0,1577124479999,0,60,0,0,0
1577124480000,7422.51673797,7428.52810160,7422.51673797,7428.52810160,0,1577124539999,0,60,0,0,0
1577124540000,7428.97173797,7432.39401069,7425.47401069,7425.89219251,0,1577124599999,0,60,0,0,0
1577124600000,7425.41401069,7425.93946524,7420.95310160,7422.65991978,0,1577124659999,0,60,0,0,0
1577124660000,7422.94219251,7432.65264706,7422.94219251,7432.25264706,0,1577124719999,0,60,0,0,0
1577124720000,7432.14491978,7439.11408761,7430.54628342,7439.04045125,0,1577124779999,0,60,0,0,0
1577124780000,7438.74317852,7442.66318182,7438.74317852,7440.98863636,0,1577124839999,0,60,0,0,0
1577124840000,7439.16909091,7446.24181818,7437.77318182,7440.53727273,0,1577124899999,0,60,0,0,0
1577124900000,7441.45772727,7450.64909091,7441.45772727,7449.57772727,0,1577124959999,0,60,0,0,0
1577124960000,7449.28818182,7450.65885909,7445.57361076,7446.05573272,0,1577125019999,0,60,0,0,0
1577125020000,7446.22755090,7454.87618727,7445.20436909,7454.87618727,0,1577125079999,0,60,0,0,0
1577125080000,7453.57527818,7453.57527818,7446.61527818,7449.75664181,0,1577125139999,0,60,0,0,0
1577125140000,7449.57982363,7449.62209636,7438.62936909,7438.62936909,0,1577125199999,0,60,0,0,0
1577125200000,7438.64436909,7438.64436909,7429.04727273,7429.04727273,0,1577125259999,0,60,0,0,0
1577125260000,7428.82090909,7433.64909091,7428.22136364,7433.44772727,0,1577125319999,0,60,0,0,0
1577125320000,7433.48681818,7434.81727273,7430.62954545,7430.88090909,0,1577125379999,0,60,0,0,0
1577125380000,7430.81136364,7434.67409091,7430.30681818,7434.56954545,0,1577125439999,0,60,0,0,0
1577125440000,7434.11590909,7443.07909091,7433.70772727,7441.68290522,0,1577125499999,0,60,0,0,0
1577125500000,7442.21563249,7443.21627715,7439.39818181,7442.68900443,0,1577125559999,0,60,0,0,0
1577125560000,7443.24127715,7444.00082261,7435.49239020,7436.43693565,0,1577125619999,0,60,0,0,0
1577125620000,7437.21375383,7437.23784474,7430.92966292,7432.42511747,0,1577125679999,0,60,0,0,0
1577125680000,7432.42648111,7432.60375383,7430.13420838,7432.37693565,0,1577125739999,0,60,0,0,0
1577125740000,7431.92420838,7435.69335977,7431.53784474,7434.46063249,0,1577125799999,0,60,0,0,0
1577125800000,7434.47881431,7437.18929569,7431.48929569,7432.31429569,0,1577125859999,0,60,0,0,0
1577125860000,7432.12747751,7433.20656842,7426.47472340,7428.65563249,0,1577125919999,0,60,0,0,0
1577125920000,7428.56835976,7428.59426885,7420.11108703,7422.04472340,0,1577125979999,0,60,0,0,0
1577125980000,7422.25290522,7423.55926885,7421.16426885,7421.73245067,0,1577126039999,0,60,0,0,0
1577126040000,7421.97290522,7422.77154158,7419.80245067,7420.39245067,0,1577126099999,0,60,0,0,0
1577126100000,7420.69745067,7422.11381431,7420.11926885,7421.36199612,0,1577126159999,0,60,0,0,0
1577126160000,7421.49199612,7425.73245067,7420.49063249,7424.56654158,0,1577126219999,0,60,0,0,0
1577126220000,7424.59245067,7433.22017794,7424.59245067,7433.10972340,0,1577126279999,0,60,0,0,0
1577126280000,7433.32699612,7447.17454545,7432.80881431,7445.43727273,0,1577126339999,0,60,0,0,0
1577126340000,7445.35318182,7446.12318182,7441.46272727,7445.90636364,0,1577126399999,0,60,0,0,0
1577126400000,7445.68363636,7453.45952552,7445.68363636,7451.02316189,0,1577126459999,0,60,0,0,0
1577126460000,7450.32907098,7458.36317136,7449.56543461,7453.01875066,0,1577126519999,0,60,0,0,0
1577126520000,7452.88647794,7453.02147794,7439.60056884,7440.15602339,0,1577126579999,0,60,0,0,0
1577126580000,7438.41965975,7441.02465975,7427.77330241,7430.49193877,0,1577126639999,0,60,0,0,0
1577126640000,7432.16830241,7432.16830241,7423.88512059,7427.12218418,0,1577126699999,0,60,0,0,0
1577126700000,7427.04445690,7437.11309327,7426.24127509,7437.04491145,0,1577126759999,0,60,0,0,0
1577126760000,7436.59627509,7437.23718418,7425.49900236,7426.81400236,0,1577126819999,0,60,0,0,0
1577126820000,7426.79309327,7433.09445690,7426.15127509,7430.68263872,0,1577126879999,0,60,0,0,0
1577126880000,7429.34582054,7431.91218418,7428.75900236,7428.77718418,0,1577126939999,0,60,0,0,0
1577126940000,7428.83672963,7428.83672963,7422.60809327,7422.62627509,0,1577126999999,0,60,0,0,0
1577127000000,7422.50036600,7424.01536600,7419.75036600,7419.75036600,0,1577127059999,0,60,0,0,0
1577127060000,7419.66718418,7419.76263872,7412.53672963,7414.79536600,0,1577127119999,0,60,0,0,0
1577127120000,7414.71536600,7416.68555991,7407.84874172,7407.84874172,0,1577127179999,0,60,0,0,0
1577127180000,7407.39010536,7410.08136364,7401.82363636,7402.40136364,0,1577127239999,0,60,0,0,0
1577127240000,7402.40954545,7407.82090909,7402.40954545,7403.07772727,0,1577127299999,0,60,0,0,0
1577127300000,7403.71818182,7404.22272727,7396.85454545,7396.85454545,0,1577127359999,0,60,0,0,0
1577127360000,7396.78363636,7402.93500000,7396.78363636,7401.34863636,0,1577127419999,0,60,0,0,0
1577127420000,7400.64681818,7401.65636364,7395.98954545,7396.13954545,0,1577127479999,0,60,0,0,0
1577127480000,7395.83045455,7399.29181818,7394.68045455,7397.07500000,0,1577127539999,0,60,0,0,0
1577127540000,7396.57772727,7397.15045455,7394.53545455,7395.17318182,0,1577127599999,0,60,0,0,0
1577127600000,7395.07363636,7395.13272727,7384.53500000,7392.92000000,0,1577127659999,0,60,0,0,0
1577127660000,7394.20000000,7404.60272730,7393.55590909,7404.60272730,0,1577127719999,0,60,0,0,0
1577127720000,7404.90590912,7407.57409094,7403.73818185,7406.33136366,0,1577127779999,0,60,0,0,0
1577127780000,7406.74818185,7407.80000003,7402.50194534,7406.76160259,0,1577127839999,0,60,0,0,0
1577127840000,7407.01387532,7411.70069350,7407.01387532,7409.83387532,0,1577127899999,0,60,0,0,0
1577127900000,7409.39751168,7415.73523896,7407.88751168,7408.76660259,0,1577127959999,0,60,0,0,0
1577127960000,7408.61932987,7409.81114805,7407.94887532,7408.57478441,0,1577128019999,0,60,0,0,0
1577128020000,7408.34069350,7412.30296623,7407.55978441,7411.77205714,0,1577128079999,0,60,0,0,0
1577128080000,7413.10114805,7418.00478441,7413.10114805,7417.67751168,0,1577128139999,0,60,0,0,0
1577128140000,7417.97614805,7420.45796623,7416.69660259,7418.51160259,0,1577128199999,0,60,0,0,0
1577128200000,7417.81614805,7418.66614805,7416.57478441,7417.15726955,0,1577128259999,0,60,0,0,0
1577128260000,7417.16181501,7417.70681501,7413.94454228,7413.94454228,0,1577128319999,0,60,0,0,0
1577128320000,7413.80681501,7413.85817864,7404.18628676,7405.03083221,0,1577128379999,0,60,0,0,0
1577128380000,7405.03492312,7405.03492312,7398.46401403,7400.33719585,0,1577128439999,0,60,0,0,0
1577128440000,7400.54174130,7403.39219585,7398.77174130,7402.79219585,0,1577128499999,0,60,0,0,0
1577128500000,7402.65128676,7403.64719585,7399.90674130,7403.32492312,0,1577128559999,0,60,0,0,0
1577128560000,7403.66355948,7406.93128676,7402.82628676,7406.93128676,0,1577128619999,0,60,0,0,0
1577128620000,7407.07037767,7408.85265039,7403.69037767,7403.69037767,0,1577128679999,0,60,0,0,0
1577128680000,7403.36719585,7404.03537767,7400.92037767,7401.05265039,0,1577128739999,0,60,0,0,0
1577128740000,7400.36992312,7401.19901403,7398.60595736,7400.57732100,0,1577128799999,0,60,0,0,0
1577128800000,7400.66732100,7400.83959373,7398.91232100,7398.91232100,0,1577128859999,0,60,0,0,0
1577128860000,7399.46232100,7400.38777555,7399.20504827,7399.20504827,0,1577128919999,0,60,0,0,0
1577128920000,7399.70095736,7402.02913918,7399.13823009,7401.19959373,0,1577128979999,0,60,0,0,0
1577128980000,7401.06141191,7404.07050282,7400.00550282,7403.31595736,0,1577129039999,0,60,0,0,0
1577129040000,7403.37595736,7407.36136364,7402.99004827,7406.95090909,0,1577129099999,0,60,0,0,0
1577129100000,7406.95227273,7413.58954545,7406.81090909,7413.58954545,0,1577129159999,0,60,0,0,0
1577129160000,7413.88500000,7419.97504981,7413.88500000,7417.45232254,0,1577129219999,0,60,0,0,0
1577129220000,7416.45686799,7418.47414072,7415.98459526,7416.78550435,0,1577129279999,0,60,0,0,0
1577129280000,7416.80550435,7421.79777708,7416.09823163,7419.56959526,0,1577129339999,0,60,0,0,0
1577129340000,7419.98550435,7420.31504981,7416.41686799,7416.43050435,0,1577129399999,0,60,0,0,0
1577129400000,7416.41641344,7416.52141344,7415.59959526,7415.83323163,0,1577129459999,0,60,0,0,0
1577129460000,7416.15323163,7416.15323163,7411.62323163,7412.31686799,0,1577129519999,0,60,0,0,0
1577129520000,7412.16959526,7412.22550435,7410.35550435,7410.35550435,0,1577129579999,0,60,0,0,0
1577129580000,7410.39095890,7415.18275228,7406.71732254,7413.07366137,0,1577129639999,0,60,0,0,0
1577129640000,7413.07366137,7414.33957046,7411.95547955,7414.30093410,0,1577129699999,0,60,0,0,0
1577129700000,7414.27729773,7419.12811231,7414.27729773,7419.12811231,0,1577129759999,0,60,0,0,0
1577129760000,7419.28220322,7419.80083958,7417.53493049,7417.53493049,0,1577129819999,0,60,0,0,0
1577129820000,7417.19038504,7431.30313666,7416.73038504,7427.46450030,0,1577129879999,0,60,0,0,0
1577129880000,7426.12631848,7431.89745531,7423.26404575,7431.89745531,0,1577129939999,0,60,0,0,0
1577129940000,7432.01109167,7432.94790985,7426.74563713,7427.99609167,0,1577129999999,0,60,0,0,0
1577130000000,7428.06154622,7432.17336440,7427.67972804,7430.45609167,0,1577130059999,0,60,0,0,0
1577130060000,7430.25700076,7431.80227273,7429.11409091,7429.59954545,0,1577130119999,0,60,0,0,0
1577130120000,7428.91318182,7430.73545455,7428.74681818,7429.06045455,0,1577130179999,0,60,0,0,0
1577130180000,7428.63409091,7430.13681818,7427.61363636,7428.40454545,0,1577130239999,0,60,0,0,0
1577130240000,7428.30909091,7429.90409091,7427.69545455,7429.90409091,0,1577130299999,0,60,0,0,0
1577130300000,7430.44500000,7431.23642672,7430.04636364,7431.23642672,0,1577130359999,0,60,0,0,0
1577130360000,7431.22369945,7431.35551763,7430.48006308,7431.01097217,0,1577130419999,0,60,0,0,0
1577130420000,7430.94415399,7431.00188127,7428.40006608,7428.80552063,0,1577130479999,0,60,0,0,0
1577130480000,7428.31779336,7428.31779336,7426.62142972,7426.67370245,0,1577130539999,0,60,0,0,0
1577130540000,7426.68006608,7430.16824790,7426.38142972,7429.64359725,0,1577130599999,0,60,0,0,0
1577130600000,7429.23132452,7429.80132452,7428.05723361,7428.13905180,0,1577130659999,0,60,0,0,0
1577130660000,7428.07586998,7428.83859725,7428.02996089,7428.82496089,0,1577130719999,0,60,0,0,0
1577130720000,7428.56632452,7429.80177907,7428.56632452,7429.15359725,0,1577130779999,0,60,0,0,0
1577130780000,7429.13996089,7429.52314270,7427.19041543,7427.86496089,0,1577130839999,0,60,0,0,0
1577130840000,7428.01632452,7428.82996089,7426.61723361,7428.26905180,0,1577130899999,0,60,0,0,0
1577130900000,7428.32768816,7429.42223361,7427.35086998,7429.42223361,0,1577130959999,0,60,0,0,0
1577130960000,7429.56041543,7429.78268816,7428.57359725,7429.29996089,0,1577131019999,0,60,0,0,0
1577131020000,7429.67905180,7429.75359725,7429.28677907,7429.72268816,0,1577131079999,0,60,0,0,0
1577131080000,7429.70314270,7435.55823263,7429.52768816,7435.29777809,0,1577131139999,0,60,0,0,0
1577131140000,7435.31141445,7436.00005082,7434.95186900,7434.95186900,0,1577131199999,0,60,0,0,0
1577131200000,7434.35732354,7434.35732354,7416.74389349,7417.20025712,0,1577131259999,0,60,0,0,0
1577131260000,7416.73162076,7416.73162076,7408.17389349,7412.18116622,0,1577131319999,0,60,0,0,0
1577131320000,7412.20434803,7412.20434803,7407.29909366,7407.45454821,0,1577131379999,0,60,0,0,0
1577131380000,7407.52136639,7407.74409366,7402.32273002,7404.94545730,0,1577131439999,0,60,0,0,0
1577131440000,7404.54545730,7408.18682093,7404.01591184,7408.13227548,0,1577131499999,0,60,0,0,0
1577131500000,7408.07636639,7409.79318457,7408.07636639,7409.72045730,0,1577131559999,0,60,0,0,0
1577131560000,7409.72454821,7414.44863912,7409.72454821,7414.44863912,0,1577131619999,0,60,0,0,0
1577131620000,7414.12591184,7414.15727548,7407.85863912,7408.22863912,0,1577131679999,0,60,0,0,0
1577131680000,7408.18363912,7410.96591184,7407.64818457,7410.06697519,0,1577131739999,0,60,0,0,0
1577131740000,7410.07652064,7410.66379337,7407.69015703,7407.98288430,0,1577131799999,0,60,0,0,0
1577131800000,7407.94606612,7408.08697521,7406.66379339,7407.09561158,0,1577131859999,0,60,0,0,0
1577131860000,7407.28606612,7407.89788430,7403.73242976,7403.73242976,0,1577131919999,0,60,0,0,0
1577131920000,7403.56333885,7403.56333885,7397.13061158,7398.66333885,0,1577131979999,0,60,0,0,0
1577131980000,7398.65788430,7402.22152067,7398.30333885,7398.49424794,0,1577132039999,0,60,0,0,0
1577132040000,7398.62970248,7398.73152067,7397.67561158,7397.84379339,0,1577132099999,0,60,0,0,0
1577132100000,7397.67061158,7402.66924794,7397.67061158,7402.53288430,0,1577132159999,0,60,0,0,0
1577132160000,7402.66924794,7402.66924794,7399.80879339,7402.46470248,0,1577132219999,0,60,0,0,0
1577132220000,7402.66652067,7405.91470248,7402.52106612,7405.91470248,0,1577132279999,0,60,0,0,0
1577132280000,7405.49970248,7406.18742976,7402.71106612,7403.95242976,0,1577132339999,0,60,0,0,0
1577132340000,7404.20197521,7404.39742976,7402.62970248,7402.62970248,0,1577132399999,0,60,0,0,0
1577132400000,7403.29106612,7403.29561158,7399.17833885,7400.91152067,0,1577132459999,0,60,0,0,0
1577132460000,7400.77833885,7401.66652067,7400.72379339,7401.35470248,0,1577132519999,0,60,0,0,0
1577132520000,7401.33515703,7408.54197521,7401.18061158,7407.59242976,0,1577132579999,0,60,0,0,0
1577132580000,7407.36606612,7410.00561158,7407.09333885,7409.39061158,0,1577132639999,0,60,0,0,0
1577132640000,7409.36470248,7409.84970248,7409.18091275,7409.42909456,0,1577132699999,0,60,0,0,0
1577132700000,7409.42909456,7410.00364001,7408.42091274,7409.99000365,0,1577132759999,0,60,0,0,0
1577132760000,7410.07273092,7410.46909456,7407.32045820,7407.87318547,0,1577132819999,0,60,0,0,0
1577132820000,7407.90727638,7407.91182183,7405.25954911,7405.52182183,0,1577132879999,0,60,0,0,0
1577132880000,7405.49000365,7406.08954911,7402.42091274,7402.78318546,0,1577132939999,0,60,0,0,0
1577132940000,7402.80091274,7407.97182183,7402.61000364,7407.13454910,0,1577132999999,0,60,0,0,0
1577133000000,7407.01000364,7407.31500364,7401.86303483,7401.86303483,0,1577133059999,0,60,0,0,0
1577133060000,7402.09985301,7404.67212574,7401.97758028,7404.67212574,0,1577133119999,0,60,0,0,0
1577133120000,7404.82621665,7407.89328216,7404.77621665,7407.43419126,0,1577133179999,0,60,0,0,0
1577133180000,7407.26100944,7408.34578968,7407.24600944,7407.91533514,0,1577133239999,0,60,0,0,0
1577133240000,7407.81851696,7407.83669877,7407.22351696,7407.40351696,0,1577133299999,0,60,0,0,0
1577133300000,7407.38988059,7408.33078968,7402.64124423,7404.10397150,0,1577133359999,0,60,0,0,0
1577133360000,7404.19942605,7404.98669877,7404.05397150,7404.49351696,0,1577133419999,0,60,0,0,0
1577133420000,7404.28215332,7404.53669877,7402.47715332,7402.88488059,0,1577133479999,0,60,0,0,0
1577133480000,7402.87124423,7403.23488059,7401.68306241,7402.64124423,0,1577133539999,0,60,0,0,0
1577133540000,7402.33760786,7402.91488059,7402.07488059,7402.42851696,0,1577133599999,0,60,0,0,0
1577133600000,7402.36851696,7402.91215332,7402.24669877,7402.87397150,0,1577133659999,0,60,0,0,0
1577133660000,7402.43306241,7412.52306241,7402.42351696,7411.30078969,0,1577133719999,0,60,0,0,0
1577133720000,7411.27351696,7412.12397150,7410.69169878,7411.56306241,0,1577133779999,0,60,0,0,0
1577133780000,7412.11851696,7414.83760787,7411.82988060,7413.74533514,0,1577133839999,0,60,0,0,0
1577133840000,7413.73988060,7413.73988060,7412.02669878,7412.98488060,0,1577133899999,0,60,0,0,0
1577133900000,7412.42306241,7412.67760787,7410.77942605,7411.35215332,0,1577133959999,0,60,0,0,0
1577133960000,7410.95988060,7415.87078969,7410.78351696,7412.90033514,0,1577134019999,0,60,0,0,0
1577134020000,7412.37760787,7413.18715332,7406.35078969,7406.35078969,0,1577134079999,0,60,0,0,0
1577134080000,7406.36306241,7407.34260787,7403.93306241,7404.98887953,0,1577134139999,0,60,0,0,0
1577134140000,7405.61797044,7407.24886063,7404.09567881,7404.77658790,0,1577134199999,0,60,0,0,0
1577134200000,7404.29476972,7404.87886063,7403.69749699,7404.10749699,0,1577134259999,0,60,0,0,0
1577134260000,7403.82522426,7404.00249699,7400.33249699,7400.99613335,0,1577134319999,0,60,0,0,0
1577134320000,7400.83386063,7405.68158790,7400.51886063,7404.72065083,0,1577134379999,0,60,0,0,0
1577134380000,7404.79110537,7407.52830099,7404.49932539,7405.60841630,0,1577134439999,0,60,0,0,0
1577134440000,7406.08432539,7408.54341630,7406.08432539,7408.54341630,0,1577134499999,0,60,0,0,0
1577134500000,7407.63659812,7407.63659812,7406.23250721,7406.80523448,0,1577134559999,0,60,0,0,0
1577134560000,7406.80523448,7408.54250721,7406.68523448,7408.15068903,0,1577134619999,0,60,0,0,0
1577134620000,7408.08841630,7408.08841630,7402.83159812,7403.10477994,0,1577134679999,0,60,0,0,0
1577134680000,7403.20568903,7404.34322598,7402.38140780,7403.82231689,0,1577134739999,0,60,0,0,0
1577134740000,7403.59868053,7403.59868053,7400.98913507,7401.38458962,0,1577134799999,0,60,0,0,0
1577134800000,7401.54822598,7401.54822598,7399.70231689,7399.70231689,0,1577134859999,0,60,0,0,0
1577134860000,7399.35322598,7399.35322598,7396.82913507,7396.99731689,0,1577134919999,0,60,0,0,0
1577134920000,7396.58322598,7397.77868053,7393.44595325,7396.54731689,0,1577134979999,0,60,0,0,0
1577134980000,7396.55686234,7397.53458962,7393.35686234,7394.90368053,0,1577135039999,0,60,0,0,0
1577135040000,7394.70368053,7394.70368053,7390.51199796,7391.70790705,0,1577135099999,0,60,0,0,0
1577135100000,7391.10108887,7391.78590909,7383.76454546,7386.54454546,0,1577135159999,0,60,0,0,0
1577135160000,7386.76318182,7386.76318182,7382.62363637,7385.33954546,0,1577135219999,0,60,0,0,0
1577135220000,7385.03500000,7387.78500000,7383.78590909,7383.78590909,0,1577135279999,0,60,0,0,0
1577135280000,7383.74363636,7383.74363636,7375.15272727,7376.46090909,0,1577135339999,0,60,0,0,0
1577135340000,7377.35636364,7377.35636364,7321.68545455,7331.23827221,0,1577135399999,0,60,0,0,0
1577135400000,7327.89963585,7328.32690857,7297.77950426,7322.04519091,0,1577135459999,0,60,0,0,0
1577135460000,7322.02700909,7332.05564545,7312.96649942,7323.52649942,0,1577135519999,0,60,0,0,0
1577135520000,7325.46422669,7334.09602582,7316.91843901,7331.37966218,0,1577135579999,0,60,0,0,0
1577135580000,7331.18375309,7336.64238946,7328.00479678,7328.00479678,0,1577135639999,0,60,0,0,0
1577135640000,7327.55979678,7337.60229789,7324.63929390,7335.03665364,0,1577135699999,0,60,0,0,0
1577135700000,7333.87210818,7334.06301728,7323.14800622,7324.60027894,0,1577135759999,0,60,0,0,0
1577135760000,7324.94164258,7325.63118803,7292.68779341,7302.69591516,0,1577135819999,0,60,0,0,0
1577135820000,7303.49000607,7305.93409698,7290.29136971,7298.73727273,0,1577135879999,0,60,0,0,0
1577135880000,7299.59863636,7299.59863636,7292.08778866,7294.40954545,0,1577135939999,0,60,0,0,0
1577135940000,7294.14045455,7303.31618568,7293.70573113,7297.21573113,0,1577135999999,0,60,0,0,0
1577136000000,7299.50118568,7299.50118568,7292.98890168,7295.70162895,0,1577136059999,0,60,0,0,0
1577136060000,7297.20162895,7302.55981077,7297.20162895,7302.50981077,0,1577136119999,0,60,0,0,0
1577136120000,7302.03117441,7317.65924652,7301.83571986,7317.63651924,0,1577136179999,0,60,0,0,0
1577136180000,7318.16879197,7322.18242834,7314.70833743,7319.44455944,0,1577136239999,0,60,0,0,0
1577136240000,7318.81274125,7328.73137762,7317.78501398,7326.57910489,0,1577136299999,0,60,0,0,0
1577136300000,7327.30865034,7331.00961358,7325.51183216,7330.54143176,0,1577136359999,0,60,0,0,0
1577136360000,7330.77052267,7333.20136364,7326.11636364,7326.11636364,0,1577136419999,0,60,0,0,0
1577136420000,7325.68227273,7328.89181818,7319.92136364,7320.47545455,0,1577136479999,0,60,0,0,0
1577136480000,7320.32909091,7320.62000000,7317.53500000,7319.69409091,0,1577136539999,0,60,0,0,0
1577136540000,7319.99090909,7320.65272727,7314.95409091,7315.50856578,0,1577136599999,0,60,0,0,0
1577136600000,7315.06402033,7316.06992942,7309.25094598,7310.38230961,0,1577136659999,0,60,0,0,0
1577136660000,7312.86503689,7315.80102485,7312.86503689,7315.69602485,0,1577136719999,0,60,0,0,0
1577136720000,7315.69738848,7318.17510991,7315.69738848,7318.02965537,0,1577136779999,0,60,0,0,0
1577136780000,7317.99147355,7318.37829173,7317.27512414,7317.86103323,0,1577136839999,0,60,0,0,0
1577136840000,7318.03648778,7318.36148778,7312.48648778,7312.69103323,0,1577136899999,0,60,0,0,0
1577136900000,7312.66512414,7312.87830596,7309.53915982,7309.94370528,0,1577136959999,0,60,0,0,0
1577136960000,7309.86688709,7312.38143255,7308.33234164,7312.19506891,0,1577137019999,0,60,0,0,0
1577137020000,7312.39279618,7312.39279618,7309.11325073,7310.03744821,0,1577137079999,0,60,0,0,0
1577137080000,7309.66007979,7309.66007979,7299.11842105,7299.88157895,0,1577137139999,0,60,0,0,0
1577137140000,7302.44368421,7302.70368421,7296.12421053,7300.68578947,0,1577137199999,0,60,0,0,0
1577137200000,7299.58052632,7304.86842105,7298.58578947,7299.09954507,0,1577137259999,0,60,0,0,0
1577137260000,7299.83217665,7305.36561164,7298.67533454,7305.36561164,0,1577137319999,0,60,0,0,0
1577137320000,7304.88929585,7308.00298006,7304.39192743,7308.00298006,0,1577137379999,0,60,0,0,0
1577137380000,7307.81192743,7311.64236875,7307.24876953,7310.71289506,0,1577137439999,0,60,0,0,0
1577137440000,7310.48447401,7312.05289506,7309.56815822,7310.93552664,0,1577137499999,0,60,0,0,0
1577137500000,7310.93552664,7312.18407369,7310.82342138,7311.81144211,0,1577137559999,0,60,0,0,0
1577137560000,7311.83091580,7311.83091580,7305.52617896,7305.77881054,0,1577137619999,0,60,0,0,0
1577137620000,7305.81249475,7306.89144211,7304.61881054,7304.61881054,0,1577137679999,0,60,0,0,0
1577137680000,7305.00828422,7305.50302106,7297.96088411,7301.33667358,0,1577137739999,0,60,0,0,0
1577137740000,7300.05351569,7303.24578569,7297.32157517,7297.67946990,0,1577137799999,0,60,0,0,0
1577137800000,7298.06210148,7303.10464416,7297.21473306,7301.37517048,0,1577137859999,0,60,0,0,0
1577137860000,7301.69306521,7307.91095995,7300.95095995,7307.91095995,0,1577137919999,0,60,0,0,0
1577137920000,7307.82832837,7309.39569679,7305.41885469,7309.39569679,0,1577137979999,0,60,0,0,0
1577137980000,7309.97622311,7312.38947121,7309.19464416,7312.31420805,0,1577138039999,0,60,0,0,0
1577138040000,7312.24315542,7315.35052384,7312.24315542,7315.35052384,0,1577138099999,0,60,0,0,0
1577138100000,7315.27947121,7322.64420805,7315.27947121,7319.26683963,0,1577138159999,0,60,0,0,0
1577138160000,7319.56947121,7323.34683963,7319.24578700,7323.34683963,0,1577138219999,0,60,0,0,0
1577138220000,7323.39262910,7324.81593322,7321.22014374,7321.90961743,0,1577138279999,0,60,0,0,0
1577138280000,7321.23067006,7321.63014374,7319.34540690,7319.34540690,0,1577138339999,0,60,0,0,0
1577138340000,7319.30698585,7319.30698585,7314.19330164,7315.40382795,0,1577138399999,0,60,0,0,0
1577138400000,7316.08014374,7316.15435427,7314.56092069,7314.76249964,0,1577138459999,0,60,0,0,0
1577138460000,7315.30460490,7315.30460490,7313.22986806,7314.14144701,0,1577138519999,0,60,0,0,0
1577138520000,7314.37671017,7317.76723648,7313.89249964,7317.07671017,0,1577138579999,0,60,0,0,0
1577138580000,7317.07671017,7319.05355227,7313.90739697,7314.47002855,0,1577138639999,0,60,0,0,0
1577138640000,7314.45581803,7314.45581803,7307.19160750,7307.64950224,0,1577138699999,0,60,0,0,0
1577138700000,7308.27318645,7308.54318645,7305.00108118,7305.20634434,0,1577138759999,0,60,0,0,0
1577138760000,7305.17476539,7305.45213381,7296.45108118,7298.06634434,0,1577138819999,0,60,0,0,0
1577138820000,7297.82897592,7300.19739697,7276.68791162,7279.03773110,0,1577138879999,0,60,0,0,0
1577138880000,7277.48931005,7291.79699139,7277.48931005,7290.74646508,0,1577138939999,0,60,0,0,0
1577138940000,7291.23435981,7291.43962297,7283.57909665,7285.83488613,0,1577138999999,0,60,0,0,0
1577139000000,7285.33962297,7290.89288714,7283.96593876,7290.48236082,0,1577139059999,0,60,0,0,0
1577139060000,7290.42130819,7301.15526316,7287.94446608,7300.48684210,0,1577139119999,0,60,0,0,0
1577139120000,7300.56000000,7301.39000000,7294.92421053,7295.61736842,0,1577139179999,0,60,0,0,0
1577139180000,7295.33578947,7297.81683426,7295.33578947,7297.59525531,0,1577139239999,0,60,0,0,0
1577139240000,7297.54946583,7308.25368421,7297.11788689,7308.18210526,0,1577139299999,0,60,0,0,0
1577139300000,7307.43421053,7307.43421053,7305.08421052,7306.68736842,0,1577139359999,0,60,0,0,0
1577139360000,7306.60894737,7307.07789474,7305.82631579,7306.08157895,0,1577139419999,0,60,0,0,0
1577139420000,7306.08157895,7307.02052632,7302.81631579,7302.81631579,0,1577139479999,0,60,0,0,0
1577139480000,7302.98421053,7303.70526316,7298.35842105,7300.78000000,0,1577139539999,0,60,0,0,0
1577139540000,7301.82894737,7303.26590909,7299.67090909,7303.26590909,0,1577139599999,0,60,0,0,0
1577139600000,7303.35727273,7308.38377150,7302.65409091,7308.32922605,0,1577139659999,0,60,0,0,0
1577139660000,7308.22331696,7315.19870435,7308.21013514,7315.19870435,0,1577139719999,0,60,0,0,0
1577139720000,7314.89415889,7323.85506798,7314.89415889,7323.56734071,0,1577139779999,0,60,0,0,0
1577139780000,7324.36415889,7325.42734071,7323.13143162,7323.44688617,0,1577139839999,0,60,0,0,0
1577139840000,7323.43324980,7323.63779526,7305.42389097,7308.39025461,0,1577139899999,0,60,0,0,0
1577139900000,7308.28798188,7308.55389097,7303.93070916,7305.72252734,0,1577139959999,0,60,0,0,0
1577139960000,7306.06616370,7306.33889097,7301.84612070,7303.01975707,0,1577140019999,0,60,0,0,0
1577140020000,7303.21521161,7304.94657525,7303.00430252,7304.64884798,0,1577140079999,0,60,0,0,0
1577140080000,7304.65793889,7305.42430252,7304.01157525,7304.70748434,0,1577140139999,0,60,0,0,0
1577140140000,7305.28839343,7306.70566616,7304.04066616,7304.80884798,0,1577140199999,0,60,0,0,0
1577140200000,7304.88339343,7308.15702980,7304.86066616,7307.97475707,0,1577140259999,0,60,0,0,0
1577140260000,7308.17021161,7310.52474089,7307.90657525,7310.28064998,0,1577140319999,0,60,0,0,0
1577140320000,7310.16246817,7311.29337726,7309.77655907,7309.77655907,0,1577140379999,0,60,0,0,0
1577140380000,7310.03019544,7310.69201362,7309.08610453,7309.15246817,0,1577140439999,0,60,0,0,0
1577140440000,7309.26246817,7309.72019544,7308.95246817,7309.49201362,0,1577140499999,0,60,0,0,0
1577140500000,7309.41928635,7309.41928635,7308.30383180,7308.69019544,0,1577140559999,0,60,0,0,0
1577140560000,7308.52837726,7308.80337726,7292.30426918,7293.25154191,0,1577140619999,0,60,0,0,0
1577140620000,7293.21926918,7293.21926918,7283.84017827,7283.91199646,0,1577140679999,0,60,0,0,0
1577140680000,7284.01290555,7288.00381464,7284.01290555,7286.49127836,0,1577140739999,0,60,0,0,0
1577140740000,7286.77446018,7288.51900564,7286.41627836,7286.68027398,0,1577140799999,0,60,0,0,0
1577140800000,7287.20027398,7287.20027398,7281.64709216,7281.64709216,0,1577140859999,0,60,0,0,0
1577140860000,7281.29209216,7281.45572852,7269.74163761,7270.07409091,0,1577140919999,0,60,0,0,0
1577140920000,7269.53409091,7272.62272727,7268.93268440,7269.21404803,0,1577140979999,0,60,0,0,0
1577140980000,7269.26313894,7285.62080452,7269.26313894,7285.34625907,0,1577141039999,0,60,0,0,0
1577141040000,7285.60716816,7292.90307725,7284.26625907,7292.50762270,0,1577141099999,0,60,0,0,0
1577141100000,7292.33125907,7303.33863636,7292.33125907,7297.83474272,0,1577141159999,0,60,0,0,0
1577141160000,7297.93065181,7302.41428818,7297.78065181,7301.16247000,0,1577141219999,0,60,0,0,0
1577141220000,7300.91701545,7304.52701545,7298.30247000,7298.72428818,0,1577141279999,0,60,0,0,0
1577141280000,7299.01428818,7299.15974272,7288.67000000,7288.95181818,0,1577141339999,0,60,0,0,0
1577141340000,7289.23636364,7292.03500000,7288.34863636,7288.34863636,0,1577141399999,0,60,0,0,0
1577141400000,7287.99000000,7288.15721415,7281.41721415,7288.15721415,0,1577141459999,0,60,0,0,0
1577141460000,7288.14130506,7288.80812324,7283.29903234,7283.30357779,0,1577141519999,0,60,0,0,0
1577141520000,7283.14585052,7283.14585052,7279.61539597,7279.78812324,0,1577141579999,0,60,0,0,0
1577141580000,7279.50721415,7282.83994143,7277.31812324,7282.83994143,0,1577141639999,0,60,0,0,0
1577141640000,7282.28266870,7286.86539597,7282.28266870,7286.43675961,0,1577141699999,0,60,0,0,0
1577141700000,7286.30721415,7287.66630506,7285.58994143,7287.13948688,0,1577141759999,0,60,0,0,0
1577141760000,7287.68948688,7290.25357779,7287.30130506,7287.59766870,0,1577141819999,0,60,0,0,0
1577141820000,7288.00812324,7294.01994143,7287.58539597,7292.87312324,0,1577141879999,0,60,0,0,0
1577141880000,7292.77585052,7299.29494143,7292.66675961,7298.83454545,0,1577141939999,0,60,0,0,0
1577141940000,7299.64181818,7302.05909091,7296.96227273,7297.41772727,0,1577141999999,0,60,0,0,0
1577142000000,7296.87636364,7297.47181818,7295.56409091,7295.97545454,0,1577142059999,0,60,0,0,0
1577142060000,7296.34363636,7302.60935713,7296.26636364,7302.00299349,0,1577142119999,0,60,0,0,0
1577142120000,7302.14662986,7313.12454545,7301.60572077,7310.58090909,0,1577142179999,0,60,0,0,0
1577142180000,7309.55136364,7321.59905295,7309.13318182,7317.35450750,0,1577142239999,0,60,0,0,0
1577142240000,7317.85314386,7318.38359841,7315.03268931,7316.31950750,0,1577142299999,0,60,0,0,0
1577142300000,7316.75450750,7317.20905295,7312.98678022,7312.98678022,0,1577142359999,0,60,0,0,0
1577142360000,7312.98678022,7318.54678022,7312.98678022,7315.42909091,0,1577142419999,0,60,0,0,0
1577142420000,7314.91409091,7316.39454545,7313.81636364,7314.05272727,0,1577142479999,0,60,0,0,0
1577142480000,7314.84409091,7314.84409091,7311.20363636,7311.74000000,0,1577142539999,0,60,0,0,0
1577142540000,7311.60545454,7312.59727273,7307.85545454,7307.85545454,0,1577142599999,0,60,0,0,0
1577142600000,7308.09909091,7308.09909091,7305.61227273,7305.61227273,0,1577142659999,0,60,0,0,0
1577142660000,7306.18590909,7306.18590909,7303.91272727,7304.42772727,0,1577142719999,0,60,0,0,0
1577142720000,7304.64181818,7308.37001780,7302.31047234,7308.37001780,0,1577142779999,0,60,0,0,0
1577142780000,7308.64638144,7314.67442458,7308.14183598,7314.48806095,0,1577142839999,0,60,0,0,0
1577142840000,7314.86169731,7316.21942458,7314.28715186,7315.15578822,0,1577142899999,0,60,0,0,0
1577142900000,7314.79987913,7317.89942458,7314.72715186,7317.89942458,0,1577142959999,0,60,0,0,0
1577142960000,7317.98215186,7318.65487913,7311.53942458,7311.53942458,0,1577143019999,0,60,0,0,0
1577143020000,7311.54078822,7315.12578822,7311.54078822,7314.40806095,0,1577143079999,0,60,0,0,0
1577143080000,7314.21533367,7317.65987913,7314.21533367,7317.45533367,0,1577143139999,0,60,0,0,0
1577143140000,7317.45487913,7317.89987913,7316.70033367,7317.77851549,0,1577143199999,0,60,0,0,0
1577143200000,7317.62306095,7318.90975987,7316.97533367,7318.18385078,0,1577143259999,0,60,0,0,0
1577143260000,7317.71248714,7318.44021441,7316.49703260,7317.90475987,0,1577143319999,0,60,0,0,0
1577143320000,7318.02066896,7319.62521441,7318.02066896,7319.62521441,0,1577143379999,0,60,0,0,0
1577143380000,7319.66066896,7322.55475987,7319.66066896,7321.99214070,0,1577143439999,0,60,0,0,0
1577143440000,7321.59259524,7324.36259524,7321.59259524,7324.14895888,0,1577143499999,0,60,0,0,0
1577143500000,7323.75441343,7324.42941343,7320.59350434,7320.59350434,0,1577143559999,0,60,0,0,0
1577143560000,7320.51304979,7323.62804979,7320.51304979,7323.56123161,0,1577143619999,0,60,0,0,0
1577143620000,7323.66077706,7325.03350434,7323.66077706,7324.52941343,0,1577143679999,0,60,0,0,0
1577143680000,7324.56123161,7329.24097922,7324.51577706,7329.18597922,0,1577143739999,0,60,0,0,0
1577143740000,7328.90234286,7330.85734286,7328.79325195,7330.78007013,0,1577143799999,0,60,0,0,0
1577143800000,7334.51143376,7338.33961558,7332.34007013,7337.73916104,0,1577143859999,0,60,0,0,0
1577143860000,7337.47188831,7337.47188831,7325.33552467,7325.73279740,0,1577143919999,0,60,0,0,0
1577143920000,7324.82416104,7325.07461558,7321.81007013,7322.86188831,0,1577143979999,0,60,0,0,0
1577143980000,7322.64779740,7323.11552467,7321.77507013,7322.41007013,0,1577144039999,0,60,0,0,0
1577144040000,7322.39507013,7327.68825195,7322.30370649,7327.07916104,0,1577144099999,0,60,0,0,0
1577144100000,7327.11052467,7329.00279740,7325.51870649,7325.67143376,0,1577144159999,0,60,0,0,0
1577144160000,7325.52961558,7326.06279740,7324.73779740,7325.29416104,0,1577144219999,0,60,0,0,0
1577144220000,7325.37416104,7328.84188831,7325.37416104,7327.96007013,0,1577144279999,0,60,0,0,0
1577144280000,7327.89688831,7328.75734286,7324.39643376,7325.17143376,0,1577144339999,0,60,0,0,0
1577144340000,7325.16870649,7325.16870649,7320.81734286,7320.87779740,0,1577144399999,0,60,0,0,0
1577144400000,7320.73234286,7322.91007013,7318.46779740,7322.52825195,0,1577144459999,0,60,0,0,0
1577144460000,7322.16188831,7323.04507013,7321.34779740,7322.65143376,0,1577144519999,0,60,0,0,0
1577144520000,7322.67461558,7323.32825195,7321.83007013,7323.31279740,0,1577144579999,0,60,0,0,0
1577144580000,7323.31552467,7324.08234286,7323.00234286,7323.85507013,0,1577144639999,0,60,0,0,0
1577144640000,7323.63279740,7328.16097922,7323.63279740,7328.16097922,0,1577144699999,0,60,0,0,0
1577144700000,7328.42052467,7332.55512942,7328.42052467,7332.55058396,0,1577144759999,0,60,0,0,0
1577144760000,7332.55058396,7340.35422033,7332.11285669,7338.48149306,0,1577144819999,0,60,0,0,0
1577144820000,7338.03422033,7339.05376578,7334.42012942,7335.58149306,0,1577144879999,0,60,0,0,0
1577144880000,7334.88831124,7337.23649306,7334.74240215,7337.22740215,0,1577144939999,0,60,0,0,0
1577144940000,7337.09331124,7344.70707867,7337.09331124,7344.30707867,0,1577144999999,0,60,0,0,0
1577145000000,7344.28389685,7344.82571503,7339.65344230,7339.65344230,0,1577145059999,0,60,0,0,0
1577145060000,7339.64116957,7339.69571503,7331.18155622,7331.18155622,0,1577145119999,0,60,0,0,0
1577145120000,7331.77564713,7333.10337440,7327.56610168,7328.34337440,0,1577145179999,0,60,0,0,0
1577145180000,7328.60246531,7329.98882895,7327.08519258,7327.58791986,0,1577145239999,0,60,0,0,0
1577145240000,7327.65428349,7330.36201077,7327.59246531,7329.70291986,0,1577145299999,0,60,0,0,0
1577145300000,7329.73019258,7333.89246531,7329.73019258,7333.42973804,0,1577145359999,0,60,0,0,0
1577145360000,7333.33337440,7333.35473804,7331.31655622,7332.96382895,0,1577145419999,0,60,0,0,0
1577145420000,7333.21155622,7334.59337440,7332.97291986,7334.59337440,0,1577145479999,0,60,0,0,0
1577145480000,7334.82519258,7335.88610168,7327.46019258,7327.46019258,0,1577145539999,0,60,0,0,0
1577145540000,7327.21791986,7327.74519258,7318.26368490,7318.26368490,0,1577145599999,0,60,0,0,0
